publish_date,headline_category,headline_text
20010101,sports.wwe,win over cena satisfying but defeating undertaker bigger roman reigns
20010102,unknown,Status quo will not be disturbed at Ayodhya; says Vajpayee
20010102,unknown,Fissures in Hurriyat over Pak visit
20010102,unknown,America's unwanted heading for India?
20010102,unknown,For bigwigs; it is destination Goa
20010102,unknown,Extra buses to clear tourist traffic
20010102,unknown,Dilute the power of transfers; says Riberio
20010102,unknown,Focus shifts to teaching of Hindi
20010102,unknown,IT will become compulsory in schools
20010102,unknown,Move to stop freedom fighters' pension flayed
20010102,unknown,Gilani claims he applied for passport 2 years ago
20010102,unknown,Parivar dismisses PM's warning
20010102,unknown,India; Pak exchange lists of N-plants
20010102,unknown,Will Qureshi's return really help the govt?
20010102,unknown,PM's tacit message: Put Ram tample on hold
20010102,unknown,Text of the Prime Minister's article
20010102,unknown,NCW to focus on violence against women
20010102,unknown,BBC's reality TV will focus on AIIMS
20010102,unknown,Jaitley firm on legal reforms
20010102,unknown,Hoshangabad farmers have enough water
20010102,unknown,BJP jumps into rail track conversion issue
20010102,unknown,America's unwanted heading for India?
20010102,unknown,State may take AP to court over Krishna
20010102,unknown,This official has sued the briber
20010102,unknown,Park turns temple compound as residents watch
20010102,unknown,Moves afoot to evict squatters in Urban dist
20010102,unknown,Mafia calls the shots in Gandhinagar too
20010102,unknown,Status quo will not be disturbed at Ayodhya; says Vajpayee
20010102,unknown,Fissures in Hurriyat over Pak visit
20010102,unknown,America's unwanted heading for India?
20010102,unknown,For bigwigs; it is destination Goa
20010102,unknown,Extra buses to clear tourist traffic
20010102,unknown,Dilute the power of transfers; says Riberio
20010102,unknown,Focus shifts to teaching of Hindi
20010102,unknown,IT will become compulsory in schools
20010102,unknown,Move to stop freedom fighters' pension flayed
20010102,unknown,Gilani claims he applied for passport 2 years ago
20010102,unknown,Parivar dismisses PM's warning
20010102,unknown,India; Pak exchange lists of N-plants
20010102,unknown,Will Qureshi's return really help the govt?
20010102,unknown,PM's tacit message: Put Ram tample on hold
20010102,unknown,Text of the Prime Minister's article
20010102,unknown,NCW to focus on violence against women
20010102,unknown,BBC's reality TV will focus on AIIMS
20010102,unknown,Jaitley firm on legal reforms
20010102,unknown,Hoshangabad farmers have enough water
20010102,unknown,BJP jumps into rail track conversion issue
20010102,unknown,America's unwanted heading for India?
20010102,unknown,State may take AP to court over Krishna
20010102,unknown,This official has sued the briber
20010102,unknown,Park turns temple compound as residents watch
20010102,unknown,Moves afoot to evict squatters in Urban dist
20010102,unknown,Mafia calls the shots in Gandhinagar too
20010102,unknown,Come to Nandi Hills...and you can fly
20010102,unknown,HAL approached for super jumbo project
20010102,unknown,Nagathihalli returns with Preethiya Hudugi
20010102,unknown,Fashion in the future
20010102,unknown,Promises to keep
20010102,unknown,Home is where the holistic science is
20010102,unknown,A noisy effort to spruce up Commercial Street
20010102,unknown,The best music of the year
20010102,unknown,Redemption night; amid some rock
20010102,unknown,Consul is back from month-long leave
20010102,unknown,Bomb hoax triggers panic in Canara Bank
20010102,unknown,Petition over ministers' assets dismissed
20010102,unknown,He beat polio; but a truck driver's is no life
20010102,unknown,Destroying myths and doubts on sexuality
20010102,unknown,Planning Dept seeks Rs 350 crore more
20010102,unknown,More engg colleges if needed in state: Govt
20010102,unknown,Auto driver's murder: 4 held
20010102,unknown,Meet held on cashew crop forecasting
20010102,unknown,Awareness rally on AIDS today
20010102,unknown,Record power generation at RTPS
20010102,unknown,Move to stop freedom fighters' pension flayed
20010102,unknown,Snags delay digital maps of city
20010102,unknown,Making education a people's movement
20010102,unknown,Murder spoils 2001 party in Dharwad
20010102,unknown,Now a website on a seer
20010102,unknown,Akki-Alur and Ranebennur peaceful
20010102,unknown,Weekly editor resorts to hunger strike
20010102,unknown,Bickering cost Dal(S) seats; admits Gowda
20010102,unknown,BJP to block traffic statewide on Jan 6
20010102,unknown,Dr Patwardhan to be felicitated
20010102,unknown,Lingambudhi will be turned into bird sanctuary
20010102,unknown,Cactus which made it to Guinness is dying
20010102,unknown,VIPs suffer as power supply is stopped to govt guest houses
20010102,entertainment.hindi.bollywood,Raju Chacha
20010103,unknown,Powerless north India gropes in the dark
20010103,unknown,Think again; Laxman tells Sangh Parivar
20010103,unknown,Hurriyat undecided over team to Pakistan
20010103,unknown,Vajpayee wants to put reforms on fast track
20010103,unknown,Stephen Hawking keeps date with Mumbai
20010103,unknown,Anti-Hrithik or anti-hopelessness
20010103,unknown,Govt plans stadium near Panaji
20010103,unknown,BJP doing a volte face on casinos: Cong
20010103,unknown,3 watershed projects on the anvil
20010103,unknown,No report yet on fire in Udyog Bhavan
20010103,unknown,He is the king of 'five star' industry
20010103,unknown,Petrol pump sealed for selling adulterated fuel
20010103,unknown,Milk price up by Rs 1 per litre
20010103,unknown,Congress House is no-smoking zone
20010103,unknown,Rural weightage: Govt reassures Governor
20010103,unknown,Bride gets honeymoon surprise: Chopper ride
20010103,unknown,Is hangover a sign of alcoholicism?
20010103,unknown,Almatti: AP to wait and watch
20010103,unknown,10-year-old girl missing
20010103,unknown,Hear his messages from the heart
20010103,unknown,Dance like no one's watching
20010103,unknown,From reel love to real love
20010103,unknown,Power row: Bribe attempt charge denied
20010103,unknown,Lakshamma's cry for help heard
20010103,unknown,It's shopping time for your newborn
20010103,unknown,Con games on the catwalk
20010103,unknown,They are here to help us
20010103,unknown,These noisy spots are hurting your ears
20010103,unknown,Flat tyres; flat music and a few famous faces
20010103,unknown,Yogananda birth anniversary fete on Dec 5
20010103,unknown,Tumkur gets 243 borewells
20010103,unknown,Over 2000 workers hit by lockout
20010103,unknown,Child project officer held for fraud
20010103,unknown,BCC holds talks on budget
20010103,unknown,Skybus metro trains on agenda
20010103,unknown,A disciple awaits a miracle from his Goddess
20010103,unknown,TOI scribe among Press Academy awardees
20010103,unknown,Talent Search exams on April 29
20010103,unknown,Ban orders extended in Ranebennur
20010103,unknown,Army turns to HAL for Lancer supply
20010103,entertainment.hindi.bollywood,'Devdas': Jinxed?
20010104,unknown,The string that pulled Stephen Hawking to India
20010104,unknown,Vajpayee gives big push to tech education; R&D
20010104,unknown,Norms for private role in banking tightened
20010104,unknown,A Maha Kumbh of media players
20010104,unknown,Net lottery: A winner or a sucker?
20010104,unknown,Us and the PM's Musings
20010104,unknown,Milosevic to be charged with 'abuse of office'
20010104,unknown,Tabu: Bar Bar Dekho
20010104,unknown,Anupam Kher: Sliver Spoon!
20010104,unknown,Aftab Shivdasani: Career Cares!
20010104,unknown,Court reserves judgment on custody of Ilyasi's daughter
20010104,unknown,A museum far from the madding crowds
20010104,unknown,Bangla Oppn leader issues 'fatwa' against judges
20010104,unknown,Hawking set to inspire science glitterati
20010104,unknown,Mission for technology education; more funds for R&D
20010104,unknown,Mental illness can pass from parent to child
20010104,unknown,Cholera outbreak source traced
20010104,unknown,Mathematics permeates human civilisation
20010104,unknown,Bangla Oppn leader issues 'fatwa' against judges
20010104,unknown,Bangladesh govt asks for Hamoodur Rahman report
20010104,unknown,Bangladesh 'scrutinising' citizen's death in US embassy
20010104,unknown,Claire Danes inks to star in 'It's About Love'
20010104,unknown,Hollywood posts record 9th year of box office gains
20010104,unknown,Akashdeep: Ghaath Ka Saath!
20010104,unknown,Great loss to Indian racing
20010104,unknown,The saga of Usha Stud Farm
20010104,unknown,Red Radior wins Victory Zone Cup
20010104,unknown,Race put off
20010104,unknown,Cyril sends Byron Black packing
20010104,unknown,Dent has the fastest serve in Chennai meet
20010104,unknown,Basu gives call to stop infighting
20010104,unknown,Violence mar Mamata's meeting in Midnapore
20010104,unknown,The string that pulled Stephen Hawking to India
20010104,unknown,Norms for private role in banking tightened
20010104,unknown,Net lottery: A winner or a sucker?
20010104,unknown,Us and the PM's Musings
20010104,unknown,Milosevic to be charged with 'abuse of office'
20010104,unknown,Tabu: Bar Bar Dekho
20010104,unknown,Anupam Kher: Sliver Spoon!
20010104,unknown,Court reserves judgment on custody of Ilyasi's daughter
20010104,unknown,A museum far from the madding crowds
20010104,unknown,Bangla Oppn leader issues 'fatwa' against judges
20010104,unknown,Court reserves judgment on custody of Ilyasi's daughter
20010104,unknown,String theory set to become one of hottest pieces of physics
20010104,unknown,Hawking set to inspire science glitterati
20010104,unknown,Mission for technology education; more funds for R&D
20010104,unknown,Mission for technology education; more funds for R&D
20010104,unknown,Mental illness can pass from parent to child
20010104,unknown,Cholera outbreak source traced
20010104,unknown,Mathematics permeates human civilisation
20010104,unknown,The string that pulled Stephen Hawking to India
20010104,unknown,Vajpayee gives big push to tech education; R&D
20010104,unknown,Norms for private role in banking tightened
20010104,unknown,A Maha Kumbh of media players
20010104,unknown,Net lottery: A winner or a sucker?
20010104,unknown,Us and the PM's Musings
20010104,unknown,Milosevic to be charged with 'abuse of office'
20010104,unknown,Tabu: Bar Bar Dekho
20010104,unknown,Anupam Kher: Sliver Spoon!
20010104,unknown,Aftab Shivdasani: Career Cares!
20010104,unknown,Court reserves judgment on custody of Ilyasi's daughter
20010104,unknown,A museum far from the madding crowds
20010104,unknown,Four more Iranians admit to role in serial murders
20010104,unknown,Bangla Oppn leader issues 'fatwa' against judges
20010104,unknown,String theory set to become one of hottest pieces of physics
20010104,unknown,Hawking set to inspire science glitterati
20010104,unknown,Mission for technology education; more funds for R&D
20010104,unknown,Mental illness can pass from parent to child
20010104,unknown,Cholera outbreak source traced
20010104,unknown,Mathematics permeates human civilisation
20010104,unknown,Bangla Oppn leader issues 'fatwa' against judges
20010104,unknown,Bangladesh govt asks for Hamoodur Rahman report
20010104,unknown,Bangladesh 'scrutinising' citizen's death in US embassy
20010104,unknown,Hollywood posts record 9th year of box office gains
20010104,unknown,Great loss to Indian racing
20010104,unknown,The saga of Usha Stud Farm
20010104,unknown,Red Radior wins Victory Zone Cup
20010104,unknown,Race put off
20010104,unknown,Basu gives call to stop infighting
20010104,unknown,Violence mar Mamata's meeting in Midnapore
20010104,unknown,CPT to have new pilot system by Jan 15
20010104,unknown,Film industry concerned about piracy
20010104,unknown,City drainage system being modernised
20010104,unknown,Keeping the Gandhian dream alive
20010104,unknown,An archaeologist par excellence
20010104,unknown,Education body overshoots self-imposed deadline
20010104,unknown,PIL urges to seek flood relief from UN
20010104,unknown,Sen urges country to exploit its tourism potential
20010104,unknown,CMC to issue notice to builder
20010104,unknown,World govt touted as solution to crises
20010104,unknown,ASI team digs up part of Fatehpur Sikri
20010104,unknown,Lara joins elite club
20010104,unknown,Cullinan hits fourth Newlands hundred
20010104,unknown,Cronje case behind low cricket match attendance
20010104,unknown,Indian refusal cost PCB 2.4 cr
20010104,unknown,Das ready to face the short-pitch stuff
20010104,unknown,Haldipur; Lahiri in good stand
20010104,unknown,DU North Zone inter-varsity cricket champions
20010104,unknown,Kolkata gears up for Millennium Cup
20010104,unknown,Right choice is the key; says Iranian coach
20010104,unknown,Rajasthan lose lead and match
20010104,unknown,Hockey hopes rest on flowerin talent
20010104,unknown,Anand may get Padmabhushan
20010104,unknown,Emotion-choked Chennai showers love on Anand
20010104,unknown,Close battle for Mahindra Golfer; 2001
20010104,unknown,Indian Blues off to a good start
20010104,unknown,Ramgarh beat Royal Kashmir in Hanut Cup polo
20010104,unknown,Anand may get Padmabhushan
20010104,unknown,Cullinan hits fourth Newlands hundred
20010104,unknown,Ex-mayor takes up cudgels against Kothrud garbage depot
20010104,unknown,India is no IT superpower
20010104,unknown,A clean sweep
20010104,unknown,The Sphinx can act too
20010104,unknown,Giving audio-video education a cutting edge
20010104,unknown,Govt orders study of river diversion
20010104,unknown,Govt bears burden as VIPs throng Goa
20010104,unknown,Goa told to start quick-growth coconut project
20010104,unknown,Experts discuss horticulture development
20010104,unknown,5 acquitted in trespassing case
20010104,unknown,Development of horticulture stressed
20010104,unknown,New office-bearers for ICSI
20010104,unknown,CM to review security for Premji; Murthy
20010104,unknown,Govt allots UKP project to KPC
20010104,unknown,Star hotels in city get tech-savvy
20010104,unknown,When principals wed
20010104,unknown,Misbehaving conductors face action
20010104,unknown,Pubs are on the watch for violence
20010104,unknown,Celestial show awaits aircraft lovers
20010104,unknown,Kannada organisations oppose felicitating Nedumaran
20010104,unknown,Civic polls: Minister refutes BJP charges
20010104,unknown,Oh; for that black & white magic!
20010104,unknown,No clue about kidnapped boy
20010104,unknown,New year hash: They paid Rs 18;000; went hungry
20010104,unknown,5;000 anganwadis to get buildings
20010104,unknown,Cops shoot at sandalwood smugglers; nab one
20010104,unknown,Tribute-paying ritual for Patel today
20010104,unknown,A life snuffed out needlessly
20010104,unknown,PM arriving on a 2-day visit
20010104,unknown,Make mysterious kidnap drama secret public
20010104,unknown,Pollution makes these residents see red
20010104,unknown,Behind the walls; it's celebration time
20010104,unknown,Corporate cricket has lot of scope
20010104,unknown,An art gallery for the underprivileged
20010104,unknown,Annual Infant Jesus feast from Jan 14
20010104,unknown,Ex-Karnataka HC judge visits Bahrain
20010104,india,Dudhwa tiger died of starvation; not poisoning
20010104,city.bengaluru,Three in race for chief secy's post
20010104,city.patna,Druggists' stir leads to shortage of medicines
20010104,business.india-business,Car dealers caught in Bihar sales tax ruling
20010104,entertainment.english.hollywood,Space Cowboys
20010104,city.bengaluru,He's not so inscrutable
20010104,city.delhi,DPCC stages Nyay rally
20010104,entertainment.english.hollywood,Unbreakable
20010105,unknown,Light combat craft takes India into club class
20010105,unknown,Hawkings' day out
20010105,unknown,Light combat craft takes India into club class
20010105,unknown,Easy drugs at raves keep Goa hot on tourist circuit
20010105,unknown,CM defends grant to Chaturang
20010105,unknown,Faleiro vows to fight common cadre proposal
20010105,unknown,Sawant questions casino licences
20010105,unknown,MPT posts good show in 2000
20010105,unknown,Ex-GPCC chief against separate cadre
20010105,unknown,Meeting to review anti-defection law
20010105,unknown,Telecom team win play contest
20010105,unknown,Guala Closures bags ISO 9002 certificate
20010105,unknown,Bush names Lindsey top economic aide
20010105,unknown,Bush names Lindsey top economic aide
20010105,unknown,Indian American boy confesses to parents' murder
20010105,unknown,Anti-immigration think-tank berates Clinton regime
20010105,unknown,Sikh teacher guilty of assaulting student
20010105,unknown,Australia; New Zealand urged to accept Indo-Fijian refugees
20010105,unknown,If Rabuka can go free; why not us: Speight partner
20010105,unknown,Tailor Sam's famous clientele
20010105,unknown,Malaysian medics testify about demonstrators' injuries
20010105,unknown,Philippine soldiers arrest bombing suspects
20010105,unknown,Chinese stranded in Dhaka repatriated
20010105,unknown,It's long haul yet for the LCA
20010105,unknown,Captain Courageous says dream has come true
20010105,unknown,LCA to be good enough for next 45 yrs
20010105,unknown,LCA to be top in avionics; strike capability
20010105,unknown,Light combat craft takes India into club class
20010105,unknown,Hawkings' day out
20010105,unknown,Easy drugs at raves keep Goa hot on tourist circuit
20010105,unknown,CM defends grant to Chaturang
20010105,unknown,Faleiro vows to fight common cadre proposal
20010105,unknown,Sawant questions casino licences
20010105,unknown,MPT posts good show in 2000
20010105,unknown,Ex-GPCC chief against separate cadre
20010105,unknown,Meeting to review anti-defection law
20010105,unknown,Telecom team win play contest
20010105,unknown,Guala Closures bags ISO 9002 certificate
20010105,unknown,Bush names Lindsey top economic aide
20010105,unknown,Bush names Lindsey top economic aide
20010105,unknown,Indian American boy confesses to parents' murder
20010105,unknown,Indian American boy confesses to parents' murder
20010105,unknown,Anti-immigration think-tank berates Clinton regime
20010105,unknown,Sikh teacher guilty of assaulting student
20010105,unknown,Australia; New Zealand urged to accept Indo-Fijian refugees
20010105,unknown,If Rabuka can go free; why not us: Speight partner
20010105,unknown,Tailor Sam's famous clientele
20010105,unknown,Malaysian medics testify about demonstrators' injuries
20010105,unknown,Philippine soldiers arrest bombing suspects
20010105,unknown,Chinese stranded in Dhaka repatriated
20010105,unknown,Light combat craft takes India into club class
20010105,unknown,It's long haul yet for the LCA
20010105,unknown,Captain Courageous says dream has come true
20010105,unknown,LCA to be good enough for next 45 yrs
20010105,unknown,LCA to be top in avionics; strike capability
20010105,unknown,CM asks KPTC to keep power tariff hike in abeyance
20010105,unknown,Gowda and Hegde share dais; but fail to talk
20010105,unknown,This cactus is all set to break records
20010105,unknown,Function can't be stopped: Kharge
20010105,unknown,Think twice before you make a wish
20010105,unknown,LCA: Best weapon system for close combat
20010105,unknown,LCA test flight puts India in exclusive club
20010105,unknown,A dream-come-true for LCA pilot
20010105,unknown,Avionics provides multi-role capability to LCA
20010105,unknown,Hoax bomb call sends family into a tizzy
20010105,unknown,Govt order on dismantling Hampi bridge stayed
20010105,unknown,Principals of PU colleges to meet on Jan. 7
20010105,unknown,CM meets Sonia at airport
20010105,unknown,Tributes paid to Patel
20010105,unknown,I am a great fan of Sridevi: Prema
20010105,unknown,This chef knows his yin from yang
20010105,unknown,Wait; wait... for the bus that never comes
20010105,unknown,Taal se taal mila
20010105,unknown,Light combat craft takes India into club class
20010105,unknown,Hawkings' day out
20010105,unknown,Easy drugs at raves keep Goa hot on tourist circuit
20010105,unknown,CM defends grant to Chaturang
20010105,unknown,Sawant questions casino licences
20010105,unknown,MPT posts good show in 2000
20010105,unknown,Ex-GPCC chief against separate cadre
20010105,unknown,Meeting to review anti-defection law
20010105,unknown,Guala Closures bags ISO 9002 certificate
20010105,unknown,Bush names Lindsey top economic aide
20010105,unknown,Bush names Lindsey top economic aide
20010105,unknown,Indian American boy confesses to parents' murder
20010105,unknown,Anti-immigration think-tank berates Clinton regime
20010105,unknown,Sikh teacher guilty of assaulting student
20010105,unknown,Australia; New Zealand urged to accept Indo-Fijian refugees
20010105,unknown,If Rabuka can go free; why not us: Speight partner
20010105,unknown,Tailor Sam's famous clientele
20010105,unknown,Malaysian medics testify about demonstrators' injuries
20010105,unknown,Philippine soldiers arrest bombing suspects
20010105,unknown,Chinese stranded in Dhaka repatriated
20010105,unknown,Light combat craft takes India into club class
20010105,unknown,It's long haul yet for the LCA
20010105,unknown,Captain Courageous says dream has come true
20010105,unknown,LCA to be good enough for next 45 yrs
20010105,unknown,LCA to be top in avionics; strike capability
20010105,unknown,CM asks KPTC to keep power tariff hike in abeyance
20010105,unknown,Gowda and Hegde share dais; but fail to talk
20010105,unknown,This cactus is all set to break records
20010105,unknown,Function can't be stopped: Kharge
20010105,unknown,Think twice before you make a wish
20010105,unknown,LCA: Best weapon system for close combat
20010105,unknown,LCA will be aircraft for next 45 years
20010105,unknown,LCA test flight puts India in exclusive club
20010105,unknown,A dream-come-true for LCA pilot
20010105,unknown,Avionics provides multi-role capability to LCA
20010105,unknown,Hoax bomb call sends family into a tizzy
20010105,unknown,Govt order on dismantling Hampi bridge stayed
20010105,unknown,Principals of PU colleges to meet on Jan. 7
20010105,unknown,CM meets Sonia at airport
20010105,unknown,Tributes paid to Patel
20010105,unknown,I am a great fan of Sridevi: Prema
20010105,unknown,This chef knows his yin from yang
20010105,unknown,Wait; wait... for the bus that never comes
20010105,unknown,Taal se taal mila
20010105,unknown,Mahalakshmi Layout: Crumbling past; rapid growth
20010105,unknown,'We're waiting for people with money'
20010105,unknown,An actress and many other things besides
20010105,unknown,Mobile isn't a phone but a fun machine now
20010105,unknown,Time to bow out for 14 top bureaucrats
20010105,unknown,Silk is sexy this year
20010105,unknown,Seeds firm condemns hooliganism
20010105,edit-page,Nepal won't allow anti-India activities: Envoy
20010105,india,MP best in forest development: Centre
20010106,unknown,Light combat craft takes India into club class
20010106,unknown,Hawkings' day out
20010106,unknown,Ex-GPCC chief against separate cadre
20010106,unknown,Meeting to review anti-defection law
20010106,unknown,Telecom team win play contest
20010106,unknown,Guala Closures bags ISO 9002 certificate
20010106,unknown,Bush names Lindsey top economic aide
20010106,unknown,Bush names Lindsey top economic aide
20010106,unknown,Indian American boy confesses to parents' murder
20010106,unknown,Anti-immigration think-tank berates Clinton regime
20010106,unknown,Sikh teacher guilty of assaulting student
20010106,unknown,Australia; New Zealand urged to accept Indo-Fijian refugees
20010107,unknown,Muslim body rules out talks on Ayodhya
20010107,unknown,Bajrang Dal blows hot; cold
20010107,unknown,Vajpayee rejects Nitish's resignation
20010107,unknown,PM taps diaspora to realise Indian ambition
20010107,unknown,India cagey about food imports
20010107,unknown,US leggy chicks to come in hordes
20010107,unknown,Microsoft; Intel line up top-end products for electronics show
20010107,unknown,Khosla among Upside's 25 people to watch in 2001
20010107,unknown,Spending on Net projects may be hit
20010107,unknown,British doctor may be worst mass murderer in modern history
20010107,unknown,British judge reveals threats from racists
20010107,unknown,Clinton urges US Congress to ratify CTBT
20010107,unknown,Blind climber to scale Mt. Everest
20010107,unknown,Does American TV have a realism overdose?
20010107,unknown,Banking community must chalk out new system: Jalan
20010107,unknown,Delhi to host India-EU working group meeting on IT
20010107,unknown,PNB raises rates
20010107,unknown,Are green activists the new imperialists
20010107,unknown,Muslim body rules out talks on Ayodhya
20010107,unknown,Bajrang Dal blows hot; cold
20010107,unknown,Vajpayee rejects Nitish's resignation
20010107,unknown,PM taps diaspora to realise Indian ambition
20010107,unknown,India cagey about food imports
20010107,unknown,US leggy chicks to come in hordes
20010107,unknown,Microsoft; Intel line up top-end products for electronics show
20010107,unknown,Khosla among Upside's 25 people to watch in 2001
20010107,unknown,Spending on Net projects may be hit
20010107,unknown,British doctor may be worst mass murderer in modern history
20010107,unknown,British judge reveals threats from racists
20010107,unknown,Clinton urges US Congress to ratify CTBT
20010107,unknown,Blind climber to scale Mt. Everest
20010107,unknown,Does American TV have a realism overdose?
20010107,unknown,Banking community must chalk out new system: Jalan
20010107,unknown,Delhi to host India-EU working group meeting on IT
20010107,unknown,Are green activists the new imperialists
20010107,unknown,Asian auto firms bullish on US market
20010107,unknown,Clinton urges US Congress to ratify CTBT
20010107,unknown,US gets its first multicultural cabinet
20010107,unknown,Indian American couple sentenced for injuries to child
20010107,unknown,Mumbai firm to be sentenced in US
20010107,unknown,Parsi men have failed their women
20010107,unknown,Does American TV have a realism overdose?
20010107,unknown,Transit; port use to top talks during Nepal minister's visit
20010107,unknown,Kuldip Sharma's exit will lead to sea change in policing
20010107,unknown,WREB warns SEBs of north-like tripping
20010107,unknown,Chaotic traffic in Mehsana: Authorities have washed hands
20010107,unknown,MSU gears up for NAAC visit; expects a five-star rating
20010107,unknown,Residents here have invested in bore-wells
20010107,unknown,Need for farmers to become professionals: Expert
20010107,unknown,Aamir Khan: 'Lagaan' ko zabaan do
20010107,unknown,Rajkumar Santoshi: Khan pe khan
20010107,unknown,Kamal Haasan: Hey (Thenali) Ram
20010107,unknown,Darshans show Bollywood a way out of financial woes
20010107,unknown,Latest Hrithik movie could make Canberra a hit
20010107,unknown,The Bali beat goes beyond bhangra
20010107,unknown,Tops to trousers; they're going for gold!
20010107,unknown,Aamir Khan: 'Lagaan' ko zabaan do
20010107,unknown,Rajkumar Santoshi: Khan pe khan
20010107,unknown,Kamal Haasan: Hey (Thenali) Ram
20010107,unknown,Darshans show Bollywood a way out of financial woes
20010107,unknown,German TV admits millionaire show was a sham
20010107,unknown,Parliament suggests resignation of TV official
20010107,unknown,Traffic lights
20010107,unknown,Just one of those faces
20010107,unknown,Steve Waugh looks forward to Indian summer
20010107,unknown,Strong comeback by Shane Warne
20010107,unknown,Cricket board chief means business
20010108,unknown,Sangh Parivar; Babri panel up the ante
20010108,unknown,Frontrunner for key US post seen having Pak tilt
20010108,unknown,Muslims see red over Coke logo
20010108,unknown,Move over Nepal; Casino Goa is here
20010108,unknown,Merit Calling
20010108,unknown,Closures putting financial strain on Delhi Govt
20010108,unknown,42 units to be sealed in phase-II of operation closure
20010108,unknown,Special trains for Kumbh Mela
20010108,unknown,CPM for survey of units
20010108,unknown,NIEPA meet to discuss issue of re-employing retired teachers
20010108,unknown,Such a long journey to the green dispenser
20010108,unknown,Woman fighting for life as 'quack' performed MTP
20010108,unknown,Cold weather puts strain on people with weak hearts
